file	size_bytes	sha256
DIS/CC/eMinus_pMinus/DJANGOH4.6.10-4.0/18x275/q2_10000to100000/DJANGOH4.6.10-4.0_DIS-CC-eMinus-pMinus_18x275_q2_10000to100000_run001.hepmc3.tree.root	2314319843	53f8b2a887cbba3484709fb5a7a1cf52bb0ef44d523bfe5358a29779b04cf77f
DIS/CC/eMinus_pMinus/DJANGOH4.6.10-4.0/18x275/q2_1000to10000/DJANGOH4.6.10-4.0_DIS-CC-eMinus-pMinus_18x275_q2_1000to10000_run001.hepmc3.tree.root	1186153417	0bd9180ec8c3b5fe48d403d92160971994c114f596d542d3629765916b57cacf
DIS/CC/eMinus_pMinus/DJANGOH4.6.10-4.0/18x275/q2_100to1000/DJANGOH4.6.10-4.0_DIS-CC-eMinus-pMinus_18x275_q2_100to1000_run001.hepmc3.tree.root	1164201812	dc9b8577fbd3b2b6236a6bf82aa4a117c02d4719d24b2f794783a68b62637df9
DIS/CC/eMinus_pMinus/DJANGOH4.6.10-4.0/9x275/q2_1000to3000/DJANGOH4.6.10-4.0_DIS-CC-eMinus-pMinus_9x275_q2_1000to3000_run001.hepmc3.tree.root	1132068546	a9b26ea3e94d7a022a73dcc9e28cc1dea4a9a3c9cf89629cb7dcf7daa6adcb49
DIS/CC/eMinus_pMinus/DJANGOH4.6.10-4.0/9x275/q2_100to1000/DJANGOH4.6.10-4.0_DIS-CC-eMinus-pMinus_9x275_q2_100to1000_run001.hepmc3.tree.root	1114086011	cd6d0732451ca5b5de732ec89213485cb31f5948d3cff52ca897c2f3f5231c77
DIS/CC/eMinus_pMinus/DJANGOH4.6.10-4.0/9x275/q2_3000to9000/DJANGOH4.6.10-4.0_DIS-CC-eMinus-pMinus_9x275_q2_3000to9000_run001.hepmc3.tree.root	2245612518	11f8ad7184154d771e542f5bf22b047784d04d026cc7efdf03a31c3c41307c16
DIS/CC/eMinus_pPlus/DJANGOH4.6.10-4.0/18x275/q2_10000to100000/DJANGOH4.6.10-4.0_DIS-CC-eMinus-pPlus_18x275_q2_10000to100000_run001.hepmc3.tree.root	2311826798	bc24ecd818b20014ccea6e4d34a8c474292dfaf5a7165c8dd1e90ae56d461422
DIS/CC/eMinus_pPlus/DJANGOH4.6.10-4.0/18x275/q2_1000to10000/DJANGOH4.6.10-4.0_DIS-CC-eMinus-pPlus_18x275_q2_1000to10000_run001.hepmc3.tree.root	1178930904	1aa799e820446569b8e4a1ace6a9b9fa75343143a4c409012f258047f8ccbcf4
DIS/CC/eMinus_pPlus/DJANGOH4.6.10-4.0/18x275/q2_100to1000/DJANGOH4.6.10-4.0_DIS-CC-eMinus-pPlus_18x275_q2_100to1000_run001.hepmc3.tree.root	1091241181	80d60c9db0096ff2d2572a0f3f66b4954f473557332ea643f249c5e0c8e30bd5
DIS/CC/eMinus_pPlus/DJANGOH4.6.10-4.0/9x275/q2_1000to3000/DJANGOH4.6.10-4.0_DIS-CC-eMinus-pPlus_9x275_q2_1000to3000_run001.hepmc3.tree.root	1127312989	6ebf3e8dac91198c482d8a32e4ca10ae2fc4def24dcaa08b1b6d46382188b6c5
DIS/CC/eMinus_pPlus/DJANGOH4.6.10-4.0/9x275/q2_100to1000/DJANGOH4.6.10-4.0_DIS-CC-eMinus-pPlus_9x275_q2_100to1000_run001.hepmc3.tree.root	1096317362	a0ba202fda1e6d79f99fe9af7b892a64e48db54ce190c3249d00b958c18d9a9b
DIS/CC/eMinus_pPlus/DJANGOH4.6.10-4.0/9x275/q2_3000to9000/DJANGOH4.6.10-4.0_DIS-CC-eMinus-pPlus_9x275_q2_3000to9000_run001.hepmc3.tree.root	2241456099	9678c5b32420fa38e84ea23deae477ac9af297c564ecfca53fc53906a12d3c0d
